{
  "reportTitle": "Speech-to-Text AI Enhancement Report - Sample Data",
  "clientName": "mask_mm",
  "generatedDate": "2025-12-22",
  "entries": [
    {
      "rawSpeechText": "I want to talk about something I've been thinking about a lot lately, which is how fast everything feels like it's moving. When I was younger, I remember days feeling longer, like there was time to sit and think and even be bored. Now it feels like the moment I wake up, the day just starts running without me. I check my phone, I respond to messages, I move from one task to another, and before I know it, it's already night.\n\nWhat bothers me isn't just that time is moving fast, but that I don't always feel present in it. I'm doing things, but I'm not always aware of why I'm doing them. Sometimes I wonder if I'm actually moving forward or just repeating the same patterns because they feel familiar. I don't think this happened all at once. It feels like something that slowly built up over years without me really noticing.\n\nThere are moments when I try to slow down and reflect, but even that feels rushed. I'll tell myself to take a break, but my mind keeps jumping to the next responsibility. I don't know what the solution is yet. All I know is that I don't want to look back one day and realize that I was too busy to actually experience my own life.",
      "AIEnhancedText": "Lately, I've been reflecting on how quickly everything seems to be moving. When I was younger, the days seemed to stretch out endlessly, offering time to sit, think, and even be bored. Now, it feels like the second I wake up, the day begins racing ahead without me. I find myself checking my phone, responding to messages, and jumping from one task to another. Before I realize it, night has fallen again.\n\nWhat really troubles me isn't just the swift passage of time, but the lack of presence I feel within it. I'm constantly doing things, yet I'm not always aware of why I'm doing them. Occasionally, I wonder if I'm genuinely progressing or simply stuck in familiar routines, repeating patterns because they offer comfort. This sensation didn't emerge overnight—it gradually built up over years, almost imperceptibly.\n\nThere are instances when I try to slow down and reflect, but even those moments seem hurried. I remind myself to pause and take a break, yet my mind inevitably leaps to the next obligation. I'm not sure what the solution is right now. All I know is that I don't want to look back someday and realize that I was too preoccupied to truly experience my own life.",
      "enhancementType": "book"
    },
    {
      "rawSpeechText": "When I first started working on this project, I honestly didn't have a clear plan. I just knew that I was unhappy with where I was and needed to try something different. At the beginning, everything felt confusing. I spent a lot of time watching tutorials, reading articles, and still feeling like I didn't fully understand what I was doing.\n\nThere were many points where I questioned whether I was wasting my time. I would see other people moving faster or achieving results sooner, and it made me doubt myself. Some days I felt motivated and confident, and other days I felt completely stuck. Progress was inconsistent, and that made it hard to stay patient.\n\nOver time, small things started to change. I began to understand concepts that once felt impossible. Problems that used to stop me for days started taking hours instead. Looking back now, I realize that those slow and uncomfortable moments were actually shaping how I think and work. Even though the journey hasn't been perfect, it has taught me to trust gradual progress instead of chasing quick results.",
      "AIEnhancedText": "When I first embarked on this project, I had no clear plan. I simply knew that I was unhappy with my current situation and needed to try something different. Initially, everything was confusing. I spent countless hours watching tutorials and reading articles, yet I still felt like I didn't fully understand what I was doing.\n\nThere were many moments when I questioned whether I was wasting my time. Seeing others progress faster and achieve results sooner only fueled my self-doubt. Some days, I felt motivated and confident; other days, I felt completely stuck. The inconsistency of my progress tested my patience.\n\nOver time, however, small things began to change. I started to grasp concepts that once seemed impossible. Problems that previously halted me for days began to take just hours to solve. Looking back, I realize that those slow, uncomfortable moments were crucial in shaping how I think and work. Although the journey hasn't been perfect, it has taught me to trust gradual progress rather than chase quick results.",
      "enhancementType": "book"
    },
    {
      "rawSpeechText": "I think one of the biggest problems with how we communicate today is that everything is optimized for speed. Messages are short, opinions are simplified, and there's very little room for nuance. When people talk, they're often trying to make a point as quickly as possible, rather than actually explore an idea.\n\nI've noticed this in myself too. Sometimes I start explaining something and catch myself skipping details because I'm worried about taking too long. But those details are often where the real meaning lives. When we remove them, conversations become shallow, and misunderstandings happen more easily.\n\nThis is especially noticeable online, where reactions matter more than reflection. A single sentence can be taken out of context and interpreted in a completely different way than intended. Over time, this creates tension and frustration, even when people might agree more than they realize.\n\nI don't think the solution is to speak less or simplify everything. I think it's about creating space for longer, more thoughtful expression. Writing, in particular, allows ideas to breathe. It gives us the opportunity to slow down, connect thoughts, and express ourselves with clarity. Maybe that's why transforming spoken thoughts into something more refined feels important to me. It's not about sounding smarter; it's about being understood.",
      "AIEnhancedText": "One of the biggest issues with modern communication is its relentless focus on speed. Messages are shortened, opinions are condensed, and nuance often gets lost in the process. Instead of delving into an idea, conversations become a race to make a point as quickly as possible.\n\nI notice this tendency in myself as well. Often, when I begin explaining something, I catch myself skipping over details, worried about taking up too much time. Yet, it's in those very details where the true meaning resides. Without them, discussions lose depth, and misunderstandings arise more easily.\n\nThis trend is particularly evident online, where reactions are prioritized over thoughtful reflection. A single sentence, taken out of context, can be misconstrued and given a completely unintended interpretation. Over time, this breeds tension and frustration, even among people who might actually agree more than they realize.\n\nI don't believe the answer lies in speaking less or oversimplifying our messages. Instead, it's about carving out space for longer, more thoughtful expressions. Writing, in particular, grants ideas the room to breathe. It encourages us to slow down, connect our thoughts, and articulate ourselves with clarity. Perhaps that's why transforming spoken thoughts into something more polished feels so important to me. It's less about sounding intelligent and more about being truly understood.",
      "enhancementType": "book"
    },
    {
      "rawSpeechText": "I don't usually talk about this, but lately I've been feeling overwhelmed in a way I can't fully explain. It's not one big problem, it's a collection of small things that keep piling up. I try to stay positive and tell myself that this is normal, that everyone feels like this sometimes, but it still feels heavy.\n\nSome days I wake up already tired, even if I slept enough. My mind starts running through everything I need to do before I even get out of bed. I don't feel sad exactly, just stretched thin, like there's no space to breathe. I keep going because I don't want to fall behind, but I wonder how long that's sustainable.\n\nI think part of the difficulty is that I don't give myself permission to slow down. I measure my worth by how productive I am, and when I'm not doing enough, I feel guilty. Saying this out loud feels uncomfortable, but maybe acknowledging it is the first step toward changing something.",
      "AIEnhancedText": "I don't often share this, but recently I've been feeling overwhelmed in a way that's hard to articulate. It's not a single major issue but rather a collection of small concerns that seem to accumulate. I try to maintain a positive attitude and remind myself that feeling this way is normal and that everyone experiences it at times, yet it still feels burdensome.\n\nThere are days when I wake up already exhausted, even after a full night's sleep. My mind immediately starts racing through everything I need to accomplish before I even get out of bed. I don't feel exactly sad, just stretched thin, as if there's no room to breathe. I keep pushing forward because I don't want to fall behind, but I can't help wondering how long I can sustain this pace.\n\nPart of the challenge, I think, lies in my reluctance to allow myself to slow down. I tend to equate my worth with my productivity, and when I don't meet my own expectations, guilt sets in. It's uncomfortable to admit this, but perhaps acknowledging it is the first step toward making a change.",
      "enhancementType": "book"
    },
    {
      "rawSpeechText": "I want to explain how this system works, but it's a little hard to do it in a simple way. Basically, the idea is that the user speaks naturally, without worrying about grammar or structure, and the system takes that raw input and improves it.\n\nThere are multiple modes because not everyone wants the same level of change. Some users just want the text cleaned up, while others want it to sound more refined and polished. The challenge is finding the balance where the output sounds better without losing the original voice of the speaker.\n\nFrom a technical perspective, this means being careful about how much transformation happens. If the model rewrites too aggressively, it can change meaning. If it doesn't do enough, the result feels pointless. The goal is to make the output feel like something the user could have written themselves, just on a better day.",
      "AIEnhancedText": "Explaining how this system works can be challenging, as it's difficult to convey in simple terms. In essence, the system allows users to speak naturally, without concern for grammar or structure, and then takes that unrefined input to enhance it.\n\nThere are several modes available because different users have varying needs for transformation. Some are looking for a straightforward cleanup, while others desire a more polished and refined version. The key challenge is achieving a balance where the output sounds improved yet retains the speaker's original voice.\n\nFrom a technical standpoint, it's essential to carefully control the level of transformation. If the system rewrites too aggressively, it risks altering the intended meaning. Conversely, if it does too little, the effort seems futile. The objective is for the output to feel like something the user could have written on a particularly good day.",
      "enhancementType": "book"
    },
    {
      "rawSpeechText": "I was thinking earlier today, actually while I was walking, about how plans don't really go the way you expect them to. I mean, you make these plans because they make you feel safe, but then something always changes.\n\nI remember when I started, I had this idea of where I'd be by now, and it's not bad that I'm not there, it's just different. Sometimes that feels fine, and other times it makes me question if I made the right choices.\n\nIt's strange because even when things don't go according to plan, you still learn things you wouldn't have learned otherwise. I guess what I'm trying to say is that uncertainty isn't always a problem, even though it feels uncomfortable most of the time. I don't know if that makes sense, but that's where my thoughts keep circling back.",
      "AIEnhancedText": "Earlier today, as I was out walking, I found myself reflecting on how plans rarely unfold as expected. We make plans because they give us a sense of security, but inevitably, something always changes.\n\nI recall starting out with a clear vision of where I wanted to be by now. It's not that the reality is bad—it's just different. Sometimes that feels perfectly fine, yet other times it leads me to question my choices.\n\nIt's peculiar how even when things deviate from the plan, they often bring lessons we wouldn't have encountered otherwise. I suppose the heart of what I'm getting at is that uncertainty isn't necessarily a problem, even though it often feels uncomfortable. I'm not sure if this makes sense, but these are the thoughts I keep circling back to.",
      "enhancementType": "book"
    }
  ]
}
